<?xml version="1.0" encoding="UTF-8" standalone="yes"?>
<addon id="plugin.video.live.streams"
       name="DigiTele Player"
       version="6.5"
       provider-name="AarronLee, Shani">
   <requires>
	<import version="2.1.0" addon="xbmc.python"/>
	<import version="3.2.1" addon="script.module.beautifulsoup"/>
	<import version="0.9.4" addon="script.module.simple.downloader"/>
	<import addon="script.module.beautifulsoup4"/>
	<import version="0.9.4" addon="script.module.simple.downloader"/>
	<import addon="script.module.requests"/>
	<import addon="script.module.httplib2"/>
	<import addon="script.module.youtube.dl" optional="true"/>
	<import addon="plugin.video.youtube"/>
	<import addon="script.module.urlresolver" optional="true"/>
	<import addon="script.module.simplejson"/>
  </requires>
  <extension point="xbmc.python.pluginsource" library="default.py">
    <provides>video</provides>
  </extension>
  <extension point="xbmc.addon.metadata">
        <summary>Reproductor para DIGITELE</summary>
    <description>
       Reproductor de video para reproducir los canales premium de DigiTele España
    </description>
    <platform>all</platform>
  </extension>
</addon>
