<addon id="repository.kodi-repo-oficial" name="DigiTele TV Repo 2015" version="1.0" provider-name="DigiteleTV"> 
	<extension point="xbmc.addon.repository" name="DigiTele TV Repo 2015">                    
		<info compressed="false">https://raw.github.com/premiumhostingwebdotcom/kodi-repo-oficial/master/addons.xml</info>
		<checksum>https://raw.github.com/premiumhostingwebdotcom/kodi-repo-oficial/master/addons.xml.md5</checksum>
		<datadir zip="true">https://raw.github.com/premiumhostingwebdotcom/kodi-repo-oficial/master/zips</datadir>
	</extension>
	<extension point="xbmc.addon.metadata">
		<summary>Instalar Add-Ons de Digitele</summary>
		<description>Descarga e Instala Addons de Digitele premiumhostingweb.com</description>
		<platform>all</platform>
	</extension>
</addon>